Title,Price,Product link,Image link
5x Acoustic 3.5mm Listen-Only Earpiece for Remote Shoulder Speaker Microphones,$31.99,https://www.ebay.com/itm/285230572617?_skw=earbuds&itmmeta=01M2ME1ZMGEZPYB8ASHW3DFGDT&hash=item4269112449:g:cgwAAOSwT7Jf4PAj&itmprp=enc%3AAQALAAAAwLB2JXbe%2Bh2pdWBqbR2c2Du0cuKtxCp4RR%2Fcc%2B3MgSMxBO5WvyhlUGGYoncIxG5gdZgcUtcp625oSe7sQM85iGVRZkGzA%2FsA4JOIF%2BoN2LtT6LdVQCoI0SqP0Q47%2BFXtusy5IaJdAUD86h%2BeU350xggT1CW0iazjU4TC47q%2BgAQbXZayBk2NhFzBpLzGp9E0ysPUSjTEzYfabLZiFFcV00pYTQTHFw2kRecCH1yV%2FOpmoR5w%2F%2BqCPdImi%2FZ81vSytw%3D%3D%7Ctkp%3ABlBMUNL6h46VaA,https://i.ebayimg.com/images/g/cgwAAOSwT7Jf4PAj/s-l300.webp
"5x D-Shape 3.5mm Listen-Only Earpiece for Motorola, Kenwood Shoulder Speaker Mic",$29.39,https://www.ebay.com/itm/285230572642?_skw=earbuds&itmmeta=01M2ME1ZMGEDT24MT0EDMCBKEM&hash=item4269112462:g:vfwAAeSwcHhoa~Xg&itmprp=enc%3AAQALAAAAwLB2JXbe%2Bh2pdWBqbR2c2DsWYf%2BnFf6vUfbLIwlev3IQ%2BBbJR%2FI46Byht4fNtuMPMtNoIRbUqpat0RSddsjLW%2FETJPPdxleHH35m3WXzv6l809r7kdbz%2FRf7Uv71DsZ7TFthmFVGlmJvisMOB5zTnFNU%2BKmi38OjZbYDA674SNcqWmbhNO20YgLWICC2ZqpHdi%2BB1t0toV9X%2F3uvjxDIx3m2exyTf9lHzolOl2xIZxn1YClgSxn4EJxk2tfvcbKrMw%3D%3D%7Ctkp%3ABlBMUNL6h46VaA,https://i.ebayimg.com/images/g/vfwAAeSwcHhoa~Xg/s-l300.webp
"2x Acoustic 3.5mm Listen-Only Earpiece for Speaker Mics Motorola, Kenwood & More",$19.94,https://www.ebay.com/itm/286907705760?_skw=earbuds&itmmeta=01M2ME1ZMHPS9RYS76GX33K1RS&hash=item42cd0829a0:g:3BkAAeSwULRpA7tx&itmprp=enc%3AAQALAAAAwLB2JXbe%2Bh2pdWBqbR2c2Dve7tXRHTC6SjTl5KZ%2F5cYJkfz%2BLb%2FRsLxLIH0lg5ko51gZ%2FBdpA3BReJ655gDJbvkT5TXdmx7WBM45brbWDFK6DikDM%2BUyRJ1qFw6UC9nCqLEtC9NAEDYkbVgYkxEggWvf3yJj3HiBTA7IF6HY%2F1nykmOjENqCXKsrQydfS%2FS6W1WHkCjnH7U1xnhZxhDyMvIqQ%2F2%2FCsvfjMbtclIAFMKPYCfpIFYb3sUSj%2F0Yim0ANg%3D%3D%7Ctkp%3ABlBMUNL6h46VaA,https://i.ebayimg.com/images/g/3BkAAeSwULRpA7tx/s-l50.webp
For Motorola Two Way Radio Earpiece Headset Mic PTT Surveillance Police CP200D,$13.64,https://www.ebay.com/itm/285230571016?_skw=earbuds&itmmeta=01M2ME1ZMHHBJ2F9EGF1KF4DK7&hash=item4269111e08:g:jNQAAOSwJWBnJRjE&itmprp=enc%3AAQALAAAAwLB2JXbe%2Bh2pdWBqbR2c2DsrC9WItdaRHuYsvlJOdFc5Nx9tAdyk6b8M9jn1S3n8Tw3T6jvMye7YFJ33quPw%2BRHFEd8tZsYmbs192mVFZMSpfXHHFmx8bi6zQvr5tJii9RQ6NTMnws%2FV5lZFgyD1n%2B9zJ6qyrqDpDhQWz38tZ6hv15ZWKq8yMiMnicRI%2FBd9q%2FrQWDQD7LNcft%2BhNIh%2BjPT5inbRiaY%2FgyecB6yK5zQhRiv9bV%2BU6O2RFUkqTdoWnQ%3D%3D%7Ctkp%3ABlBMUNL6h46VaA,https://i.ebayimg.com/images/g/jNQAAOSwJWBnJRjE/s-l50.webp
Wireless Bluetooth Earbuds In-Ear Stereo Earphones Headset Headphones Single,$1.77,https://www.ebay.com/itm/236528884541?_skw=earbuds&itmmeta=01M2ME1ZMHPEN3NMTN9FQPGJZB&hash=item3712385b3d:g:A3AAAeSw2gBpQC6x&itmprp=enc%3AAQALAAAA4LB2JXbe%2Bh2pdWBqbR2c2DugM7bAvQIwNFSPf9d6nLuwiN1I7A9vkGd7e82o%2FxLfPajy%2F1shOhIa%2BrItsudweaBOjExrI5X5%2F9Jnj5gUthvadlOVrxjOTXVspLuRE21nwblQRESf%2Fvws11Pi7n2S7fZuJPu7nHPxyY7pDiz9gd5wvsF%2FpqOGqAzY0eZdBLftLIA5H18PK9Ujb5A0bZNjyz%2B4ySv7RqzL3FKXNKXweOnBMAX2HpHBCceudYvms29pBH6IlHo8svjoBlLsU3szFbOQsuSQfO%2BN7SFTUstY8Sri%7Ctkp%3ABk9SR9T6h46VaA,https://i.ebayimg.com/images/g/A3AAAeSw2gBpQC6x/s-l50.webp
TWS Bluetooth 5.0 Headset Wireless Headphones In-Ear Earbuds Stereo Earphones@,$5.74,https://www.ebay.com/itm/376580652837?_skw=earbuds&itmmeta=01M2ME1ZMH3HTJ8SNF39DT58T0&hash=item57adf4bf25:g:e4wAAeSwT7JozOyh&itmprp=enc%3AAQALAAAA4LB2JXbe%2Bh2pdWBqbR2c2DvT%2Fm5RCFkNZHnCc4Z4JKhN1rjF%2Fw9MFSUWpHFndT7wE8TChUFs%2BZAYceZyF8T45YdXuuY8tA7eaHIHsgxWHCUph9dn8%2F20G4NHpK5A6R8GWcd%2FWfOx2BobsY4aCfKjM9xd1Iw4s1tS6%2FkpErNZS43N%2FuTF4VWCs0TUGy%2FXkatJoXBA6ZUcntGtsnYqygM1Nk8aR6WgjgW%2FpnD%2BmNu%2FL8n%2BUoUKVti7irDD55lefSSHq%2FxeKXg6trgGL%2B1ZJVvoTqn3X4SD22T42Beds18Bi8vB%7Ctkp%3ABk9SR9T6h46VaA,https://i.ebayimg.com/images/g/e4wAAeSwT7JozOyh/s-l50.webp
Wireless Bluetooth Earbuds In-Ear Stereo Earphones Headset Headphones Single~,$1.79,https://www.ebay.com/itm/306646755610?_skw=earbuds&itmmeta=01M2ME1ZMHGQKHD1D76HKRVVWM&hash=item476592291a:g:6TkAAeSwqOJpNXrC&itmprp=enc%3AAQALAAAA4LB2JXbe%2Bh2pdWBqbR2c2Dtdvn7AovqvoQja8J%2F0igV8eMgkN2vLrhTE7Q%2Bpkq6%2BlSfAsWUku6ERWC3KWOZZHbnmGNBn3ov96zEq1eKmEFRgUUY8exdvT6LPMoJzU%2BD%2F46kHXpInHMAaU6YU5T2MvM9egtNg1FvTGaVwTcpdqWfKR8HRo8xJKjlnyPdW0TFNQu79wOzsmtuG%2BqZPFi%2FGHz%2BuKzwkFhvxhVFcm3IXHDBp1RJdB7p1YrM6g67tCLf3OxUuQtrpUvBd0WTJn0xnCdQ040LidG78YpjUDo99K9b%2F%7Ctkp%3ABk9SR9T6h46VaA,https://i.ebayimg.com/images/g/6TkAAeSwqOJpNXrC/s-l50.webp
"headphones, new features , voice cancelation, fast charging and long useable.",$2.91,https://www.ebay.com/itm/287584905444?_skw=earbuds&itmmeta=01M2ME1ZMH7DVJWJ32NX6R7QXS&hash=item42f56568e4:g:PRwAAeSwtLZqp0Z4&itmprp=enc%3AAQALAAAAwLB2JXbe%2Bh2pdWBqbR2c2Dv0SrdpJNbAXut5LbY4r5x0be5GXMlGEBbJSkxnPmqVxX4EF88Agmjo70cXKx1ZsK8LfZdWhFumo9opjlfrMQEpqi3v39TjGIst%2B1YUd%2FsJ1hlBGXL%2BjSFWKic0N9nDqrDKSODob%2BzQ2qI03R%2B%2FA0piu%2FliN4wg%2BOULD4rkj08Qn8NfLybADZnNOw%2FHs3b%2BY9K221ylxeZzQiN%2BtQOnAYlSDyNoVDQbRD85FG5EZZzDpw%3D%3D%7Ctkp%3ABk9SR9T6h46VaA,https://i.ebayimg.com/images/g/PRwAAeSwtLZqp0Z4/s-l50.webp
Wireless Bluetooth Earbuds In-Ear Stereo Earphones Headset Headphones Single,$1.99,https://www.ebay.com/itm/236167684191?_skw=earbuds&itmmeta=01M2ME1ZMH38TF3GC724DJFQ3J&hash=item36fcb0e05f:g:hd0AAOSw0AtoXOi1&itmprp=enc%3AAQALAAAA4LB2JXbe%2Bh2pdWBqbR2c2DtatVUOwFVXYjKHduCUT8WM4Kq%2B9%2B7Mkw5xebqM3pxLs%2B1s99pioJJ82I%2BmiQtcR6ir7f4WwXo3pjk%2BE7oHrR9RJCVgdYcSKpTVNb%2B7mN3yRxQ6eJFsPkdpIiWLEP0ghnMIVjcuXvnfKQYBUTfYDQSQYw5kFRovhWYWXl0JN%2B08sdaokjle0qhhbm75Td666ZiYPW5tTgfZoXNwd2x5ZQHi2OO5DTHRXYah2ZZcFTZFccpvvYpk6Pk0T11oSEyxFn1QuM1ZGXOtHwRG7Cq6w%2FSj%7Ctkp%3ABk9SR9T6h46VaA,https://i.ebayimg.com/images/g/hd0AAOSw0AtoXOi1/s-l50.webp
Ear Buds Earbuds Bluetooth Wireless Air Buds Ear pods HD Headphones LED Headset,$14.79,https://www.ebay.com/itm/317597757285?_skw=earbuds&itmmeta=01M2ME1ZMHX12FJ0D7CQG4Z9VA&hash=item49f24d2f65:g:u7oAAeSwDSJpKXW0&itmprp=enc%3AAQALAAAA4LB2JXbe%2Bh2pdWBqbR2c2DuoMfoUWwt9gGRXHqz96z4a7JqQ5wSfryT3iUn46FpvwrRiEeSqUeoHbsMVrMQDbhmNNANeWi3jr51mTB7foBCjb8R65WHwdwrzw9ZgsMr0Aa0vynG4iL%2FyA8kmnkmPeePbl1DjIvTJrQi6soJh9GfPYBzM4PnLQrO3WSjsKnUVb2lTWojazvTOTFhONZDfIfsEXMfA4z6Ftwc5asgn6l%2BZWXImpaHX%2FOGyEqoBleZr1SalcSS%2FzFlIVTuEVqR4UPKeq4Wfoe1c9QJd%2FwiNauxv%7Ctkp%3ABk9SR9T6h46VaA,https://i.ebayimg.com/images/g/u7oAAeSwDSJpKXW0/s-l50.webp
Sealed AirPod 4 with USB-C Charging Case 4th generation White (ANC),$61.99,https://www.ebay.com/itm/377493109067?_skw=earbuds&itmmeta=01M2ME1ZMHAN473MEAH6MATZCY&hash=item57e457b94b:g:Y1sAAeSwS8tqnPTx&itmprp=enc%3AAQALAAAA4LB2JXbe%2Bh2pdWBqbR2c2Dt6Iv5fJ6bVd7MAvR3lqtF9OdRvXY8%2FFxLBjYUzKb%2Bc4qCCDFIqSaR6k5y0MqD9h54VYcbm3de3f2YGNkDvVq5QKZ8enotREoi1Sm9cN94SjgleIhyWvuk4%2BOxXe%2BNicLodR48DGS4r%2B3x%2F64oddpuQrQMWPQIUgvFPX%2Fm9XoGck2tgvJD5dI6LuWITR8%2FN%2BxsV6qvTyAYkoJeMrk9suS4V90OZZOved4k3saxidd5nhHTmIhpT4RGF3IRXnxWeeeduOeQlGc2pgFSoNA8cHcDR%7Ctkp%3ABk9SR9T6h46VaA,https://i.ebayimg.com/images/g/Y1sAAeSwS8tqnPTx/s-l50.webp
Bluetooth 5.0 Earphones Headset Wireless Earbuds Stereo For In-Ear Headphones,$14.36,https://www.ebay.com/itm/286552363469?_skw=earbuds&itmmeta=01M2ME1ZMH3QAE48WPJ7JSVJXM&hash=item42b7da11cd:g:yfgAAOSwlQ5eubnj&itmprp=enc%3AAQALAAAA4LB2JXbe%2Bh2pdWBqbR2c2Dv0pKRmOv6UqzSw%2BE03AwmbrbuGnIrhbQdXG3MGa8cSSp3ryxRLgWVoXTidoq5EIqKlQFaa5pNM86ShViu7X5r6U3QhXX2HWUMVZRHZ%2FWBnMtwC1Rdtc3H7e%2BO5pw0Qb5CtOmFOiffxwvDNhHt%2Bvph%2FrTrg8s93YbnUPf1PI4QjS2fmjdczEqJ630KO6ZQc6a%2BXHccj3LagLNj4NuJ%2B8XlJ2PZJmn%2BookUy1%2FvijMNpFUlV2HDVCNco5PbNWDHXW%2FSTESS%2FeYTojDYhgukuEIHQ%7Ctkp%3ABk9SR9T6h46VaA,https://i.ebayimg.com/images/g/yfgAAOSwlQ5eubnj/s-l50.webp
Advanced Noise Cancelling Wired Headphones 2 Basic Box 3.5mm In Ear Headphones,$4.08,https://www.ebay.com/itm/126858815281?_skw=earbuds&itmmeta=01M2ME1ZMHA995DZ7H5SN4F6JC&hash=item1d895fe731:g:jnUAAeSwCPVqP0rU&itmprp=enc%3AAQALAAAA4LB2JXbe%2Bh2pdWBqbR2c2DtsBG1KFk9ys3a0GCeumCoASKAgHyYXJNsWU5Ajn1tZC3ApJl0sSo4eaNFowaDe5sLlgiKRVPzlpIiRihkU4fKja6uITJsLdS4B0J9GrihSwmHetufRNCftkz9IGOVpiKduUuN5RG2Qp6R%2BkE%2Bz53Mr53oSG%2BdKVlhY4TtushgWTW3S8qXmgxVRTnIjkTT6B4ahJdsUICht8CDMnPpHFBeTj8dhbQQZaoPpiRBRPdBclPixzuETwQiOv7TTWQGgRU0fj9%2Bi5Xutudu3gCRoXRDy%7Ctkp%3ABk9SR9T6h46VaA,https://i.ebayimg.com/images/g/jnUAAeSwCPVqP0rU/s-l50.webp
Bose SoundSport Wireless In Ear Bluetooth Headphones NFC Earbuds-All Colors,$65.95,https://www.ebay.com/itm/134843439719?_skw=earbuds&itmmeta=01M2ME1ZMH8NJ1TQ7022EZ24RF&hash=item1f654b9a67:g:KIgAAOSw8AtlcYGe&itmprp=enc%3AAQALAAAA4LB2JXbe%2Bh2pdWBqbR2c2DslQBXqgKTRtU%2FkwnGpnN0hBc87n4ChLW%2FD5ILob1IEhIf8hxOvuqzCujXyOCNIRUizrXj%2FFXqpgeNkGhdIui%2F2%2FG3L9VweOcksGNDf8LJXYJBj0%2FtW62O0mhJGI22FX5zuGVgkAQlowH425XtaldDhsDGSCW5DDoaS92fmT0FMK4htWMBP4VUu3YBHQBQ3ShhIp3VBeJ75Qycie7PI5ZtUa4FrfAr%2BHtvz9ztX%2FIeYK0g%2FNhglSiIkoBdQoh9Tx%2B49F91qG8vgBU6u3%2FwUoHMM%7Ctkp%3ABk9SR9T6h46VaA,https://i.ebayimg.com/images/g/KIgAAOSw8AtlcYGe/s-l50.webp
"5x Swivel Earpiece Headset with PTT for Motorola Radios CP200, CLS1110, CLS1410",$58.80,https://www.ebay.com/itm/285230571200?_skw=earbuds&itmmeta=01M2ME1ZMHZC11S6HC19RDDZ1Q&hash=item4269111ec0:g:iVAAAOSw7iJdZChG&itmprp=enc%3AAQALAAAAwLB2JXbe%2Bh2pdWBqbR2c2Dsfa9HH3ejxklxOGtbx7gTsiKUodCnkMNLzKvtpjzt%2FhOeA9gruob5QjzHCSwwE0mccd8KrRbfOkJjrog9z2JsT0AXceUEmLq%2Fz%2FdeHjujBNKh0HoAkhvlpdbT5oeg2FZekA7nXg8jNJMRs7C6QCG4zsSGXOyLIvXLKe2FwOeTKGU--JOyD61oKqImuIaHKk9J%2F0k%2BfuWa9g%2BbjxBaUSIrrk2Pp9jpEYpc2Ra%2BUScZ42A%3D%3D%7Ctkp%3ABlBMUNT6h46VaA,https://i.ebayimg.com/images/g/iVAAAOSw7iJdZChG/s-l50.webp
Apple Earpods With 3.5mm Headphone Plug,$15.39,https://www.ebay.com/itm/198421520484?_skw=earbuds&itmmeta=01M2ME1ZMHC6ZH8JDZJM45KYXA&hash=item2e32d82064:g:s40AAeSwkDBqLD3O&itmprp=enc%3AAQALAAAAwLB2JXbe%2Bh2pdWBqbR2c2Dtnc6LcBaWRUlT%2F%2BJk74O3XA418XENUgDbYsC4DKalZ7ksRnDQxbKPD9E6eBD%2F2EZykucuANgsUo0a%2FBpk83ma4HjRXMeaLCo5XoNNK0J7ruOYoTARAK911F%2BZwfQG%2Fh2nl4HJxExyalXbUWq78uNKiPTBKV765jN3lkVf3gaCuXRWAqgYPZ%2FnXlfbUr8RqyJ63EVZUXzdjdPO9e99J5NbMbWtR5bRId09sVE1WCLv7zg%3D%3D%7Ctkp%3ABlBMUNb6h46VaA,https://i.ebayimg.com/images/g/s40AAeSwkDBqLD3O/s-l50.webp
(Lot of 3 Sets) Google Pixel USB-C Earbuds with Built-in Remote and Microphone,$68.99,https://www.ebay.com/itm/257564304590?_skw=earbuds&itmmeta=01M2ME1ZMH7QNP7FESHZ93A04D&hash=item3bf80764ce:g:XJcAAeSwqqJqB3DJ&itmprp=enc%3AAQALAAAAwLB2JXbe%2Bh2pdWBqbR2c2DtxfFo72pSZnzUf%2B8rRRTj7hmCKx%2B7JEMPztfb3uXth2Tx%2Bvj1yka4zbcDXx3YLXKm4KZ5EbZRTXNmUoyHp7O0PClJuSC2FMATW5fpyFw%2F9dKVpd6ufucYs%2Fcb%2BatoZNQId0qzS%2FAHrBUtLJ%2BDSW6XskBYI3hzamNxpYCGdWaWGhNc%2BmxoAdz4Nb9rNvy9lqewuHy8LY3Hk0RgiIdcW6kEeCzdEwEWznnMik93jFXUvdQ%3D%3D%7Ctkp%3ABlBMUNb6h46VaA,https://i.ebayimg.com/images/g/XJcAAeSwqqJqB3DJ/s-l50.webp
Pods Pro  3 Wireless Active Noise Cancelling Earbuds,$48.00,https://www.ebay.com/itm/800021127875?_skw=earbuds&itmmeta=01M2ME1ZMHYATMD6NJG59XR2JK&hash=itemba44f9a2c3:g:HE4AAeSwDXdqBp5n&itmprp=enc%3AAQALAAAA4LB2JXbe%2Bh2pdWBqbR2c2DtEJT5bo7OcRpHXL3uW54ftuRsruh2iJoY4DquSRgDaLpWQHqJ5TCcQhSJX6KKaq6IHl%2BZI8MtNBYoTBB1PqFVC6UdXTE52NqbsAFvEluiq1N8o44a%2BFiWi9GcmGoLktCoLLGicE7Hlu2dr%2FK2ef%2BFx%2BSXZnlhW8RomwK7M5GqDABZL4qm%2FbULcL%2B6NNAE7A71opsBA%2BDTTnioIgWISkakdgjTdSFWruWLPXgLDPhJPy5Uwyx4IAE95JDsIYphdL8Mjkm9ysuaCW5hJGDMC9emn%7Ctkp%3ABk9SR9b6h46VaA,https://i.ebayimg.com/images/g/HE4AAeSwDXdqBp5n/s-l50.webp
Soundcore AeroFit Pro Open-Ear Headphones Ergonomic Wireless Earbuds| Refurbish,$49.99,https://www.ebay.com/itm/386724698036?_skw=earbuds&itmmeta=01M2ME1ZMH2FAKNR9DKEVPMPQE&hash=item5a0a9697b4:g:4rwAAOSwnLBluMM5&itmprp=enc%3AAQALAAAAwLB2JXbe%2Bh2pdWBqbR2c2Du5Oib4JA%2Bsai6iP9RJ3YsiFdI4yjkvKaJYKtZfHGt4WUBRtL4Aa2JMQvTEMzDPo5OdbYBylUPXEcO2P3gg03mZHDCWuIYJ4EnQlCm9nCDxNHjNXmAokLpgYSVhoKbhVDneM1pe58VspKP4DqnnvLU1buDAlVi5Pef4IZA%2Fwavjhh4ZKjl23md89NPMnv08UHoCsrbbhaRGLk1Nf%2BkObvUXA6Gs7Qypiu5XP0jaCJqoEw%3D%3D%7Ctkp%3ABk9SR9b6h46VaA,https://i.ebayimg.com/images/g/4rwAAOSwnLBluMM5/s-l50.webp
Bose Quietcomfort Ultra Earbuds 2nd gen - Black - Open Box,$150.00,https://www.ebay.com/itm/377493353924?_skw=earbuds&itmmeta=01M2ME1ZMHH5872QZV17T7TA47&hash=item57e45b75c4:g:rmsAAeSwaOxqpyA7&itmprp=enc%3AAQALAAAAwLB2JXbe%2Bh2pdWBqbR2c2DuLCmHDsoE7G%2FOQHk%2BPnoASL7q7fZnjHfxVQcCvCOVSnnZwHK6L%2FVeZlW2tACAyQ6RoUse7ixIrWc%2B8Vayda9iR4h6YpcCMnifp%2FKmTK%2B5d26IMk8jnt%2B%2F9UV1BZFHhr7F3QRdURImU%2FVVkpGk3i0RqJp3RT0qC7bSvs%2BH2g6JMZ4vH9%2FzdnmlSHMaqaeXabe0JURW7XqrwqN4jILSgicxr1RrQNcT1It0pGaz8yfVhlw%3D%3D%7Ctkp%3ABk9SR9b6h46VaA,https://i.ebayimg.com/images/g/rmsAAeSwaOxqpyA7/s-l50.webp
Open Ear Bluetooth 5.4 Headphones Wireless Earbuds For Sports Gym,$10.59,https://www.ebay.com/itm/398385501691?_skw=earbuds&itmmeta=01M2ME1ZMHHHRZ0EMM1QZ750WZ&hash=item5cc1a055fb:g:3lMAAeSw7plqpH6P&itmprp=enc%3AAQALAAAA4LB2JXbe%2Bh2pdWBqbR2c2Dsu%2Fia%2BHd4jWIKDgPsKjik1PgWU2zfdxvGr0oGzCyeR4pr5dC2pzGfTPigviWhRqVKC9SD%2FtpYzPV0U7Wj9L6KufDrFtELeJadTnlcC7jt5bpXMNZcR42fd5nSphWhUjVAh1qZ24WmI6oKvwEDdgedbAE2f%2FTeZ87Uw6KVr6T%2FJMamGQjUHcWF6dk7MyYjQUu%2BT%2Bqo1RBmMyT%2FlFroDIqrKg2BW%2FejoFgQ1JEE4BEGJSHmtYSBAW5I%2BlS%2Fc2iSD43SPI1oUNyodQztuitiMJZbd%7Ctkp%3ABk9SR9b6h46VaA,https://i.ebayimg.com/images/g/3lMAAeSw7plqpH6P/s-l50.webp
Wireless Bluetooth Earbuds In-Ear Stereo Earphones Headset Headphones Single hot,$1.78,https://www.ebay.com/itm/377297959780?_skw=earbuds&itmmeta=01M2ME1ZMHN9V30C9SF7HYAC3Q&hash=item57d8b5fb64:g:EHEAAeSwHk1qPrkT&itmprp=enc%3AAQALAAAAwLB2JXbe%2Bh2pdWBqbR2c2DuxFcOW0Z3vcHcKpX7peKKl5XZ3f9a06OYam8ha%2FpFzCtDrWxZQ4nxGe9EHjzFg7wsmIrrYAwC%2FTAkOrq%2FJyVm46akQ%2FlRfOiPt43347ocW8j5DcIBWK9N99zUF4tiKW0%2B16p%2BdqcuQQilNnsvQ6oUQJIk2k5ZkDgQms3My%2BU1tzmz%2F3UvHvp60y%2BG8TqS3TInoIeAHk6daBxToyNlprRwmUoeNeP4%2FCXL%2B0AIieEWYRA%3D%3D%7Ctkp%3ABk9SR9b6h46VaA,https://i.ebayimg.com/images/g/EHEAAeSwHk1qPrkT/s-l50.webp
Beats Powerbeats Pro 2 Wireless Noise Cancelling Earbuds Headphones - Purple,$149.99,https://www.ebay.com/itm/318815722558?_skw=earbuds&itmmeta=01M2ME1ZMH223PJ5H4NK34ZX3J&hash=item4a3ae5dc3e:g:1~YAAeSwRvdqmFfK&itmprp=enc%3AAQALAAAA8LB2JXbe%2Bh2pdWBqbR2c2DsvytedyQxfaClR9LZ7X3CoeH9xV%2F4kISUjjQ%2BfZkGXU%2F2Hco0QezZimNP7oDL2YiuFXSkhJt2GVrWDMmfpkQEHTmLOc%2B1116wIwfN%2FK4y2GCaqu6KnIVJkDc88%2BOSU70BofBrI1X6uw9QFbBd4AbKyI2Z01imknrs4hE2cogIMMBbXnvbpOFi%2BlwG%2FK8PVlZDDobZxdl1wZ5L0NR0XOSNAkNqlyKlP3f5FuhIsup8JQA0KG2T79AnT6NHh%2B3JFyDH9O1uXZwOhhDtUIGHTQ%2BbtDni9IfoDDXTyoC%2BTc3eiCA%3D%3D%7Ctkp%3ABk9SR9b6h46VaA,https://i.ebayimg.com/images/g/1~YAAeSwRvdqmFfK/s-l50.webp
Wireless Bluetooth Earbuds In-Ear Stereo Earphones Headset Headphones Single,$3.34,https://www.ebay.com/itm/236509474302?_skw=earbuds&itmmeta=01M2ME1ZMJHTDAN9MTZY1XQ74E&hash=item3711102dfe:g:RqMAAeSwRStpMxm0&itmprp=enc%3AAQALAAAAwLB2JXbe%2Bh2pdWBqbR2c2DtmcmXZvkibS%2Bk5aUvKNBUu4VilTwi0PF1LDgLR9QQBCn1jViGXVlgrFR76KlgaqK8InGAr82vJvQ4NGcnaDVqb1FHUBoe49jkAF%2F4JN3ym69SpLnbms5So%2BIJJGRDBP0tJC0hcgMgQkXegGDQXQ97gYefmgFB%2By6U5RzLfa0HoaY47hXfjK2Z0wIgI3wJrHMDfkHem7MIN%2BueaXSNekYFWMLaqWdVCu3qmxy2KneaRSA%3D%3D%7Ctkp%3ABk9SR9b6h46VaA,https://i.ebayimg.com/images/g/RqMAAeSwRStpMxm0/s-l50.webp
TWS Wireless Bluetooth Earphones Headphones Sports Ear Hook Running Bass Earbuds,$6.73,https://www.ebay.com/itm/178469686091?_skw=earbuds&itmmeta=01M2ME1ZMJZG9GF8N034KXC448&hash=item298d9f4b4b:g:0BAAAeSwcXFqm9kp&itmprp=enc%3AAQALAAAAwLB2JXbe%2Bh2pdWBqbR2c2DsqbkEQWGmInlkSdU4zFhoG7jXHY%2BWOw7zZZtIz8MNwI5NiC7W1JeYhRgsuMpg%2BwGWdodLSCQvE17U6meQ0OSxvGpi9d45W31uSXcNW1vOvzQlrr2g8mW8N5yqDlNC7wZiCwiZH29QlU1qIzP4h2SiajFCSiGY6Smlb49u01KTKpez8SBFc1RPjxA9Eg5HZUjmTp3F1mXsA4tkWmmulYiB5NWo1eHUZDAcD8eHer8JciQ%3D%3D%7Ctkp%3ABk9SR9b6h46VaA,https://i.ebayimg.com/images/g/0BAAAeSwcXFqm9kp/s-l50.webp
HIFI Bass Stereo Wired Earbuds Headset In-Ear Earphone Headphone 3.5mm USB-C Lot,$3.89,https://www.ebay.com/itm/357606973328?_skw=earbuds&itmmeta=01M2ME1ZMJ0P133W1PEWYDB40A&hash=item5343095f90:g:b1QAAeSwuWpow9aI&itmprp=enc%3AAQALAAAA4LB2JXbe%2Bh2pdWBqbR2c2DtLRe8O2ft1%2FtVb2iXrA%2F8%2FZlWrwbDZokynkik1LGriucjHAlotZb4oUuWOk%2FhcRdYJyxpvTSbop%2F4VPcC7pBQhzme%2BHlp3BeOwDK9uqOqoTZC6NnS36MW%2FrsAV6gJNqU7XWQrgAX7yUywpiuXMECFOinx8X0pkSDfC5e0cSolddDjNpbWQRT3cjlsWZlU%2FtLuWIBtOjmO4cmKtZ8qLp%2Fmqf94EnOeeHm9JLDIz91lc%2FiSfWh11DV1q70ROVj0PhuUXH0FXd8yKika0lmBCz8I0%7Ctkp%3ABk9SR9b6h46VaA,https://i.ebayimg.com/images/g/b1QAAeSwuWpow9aI/s-l50.webp
Soundcore P30i Wireless Earbuds Smart Noise Cancelling Headphones 2-in-1 Case,$17.99,https://www.ebay.com/itm/384343398732?_skw=earbuds&epid=12051616704&itmmeta=01M2ME1ZMJN4W7Y0MSKTYMHYXH&hash=item597ca6d94c:g:pU8AAOSw4e1n2Tlp&itmprp=enc%3AAQALAAAA4LB2JXbe%2Bh2pdWBqbR2c2DuGnqi4HR6JRIx2AgpMXOzc6Q9uNdde%2FWdzqo21Lb4%2B3smdZkU5DcyC%2BLivpeuaOmsk4nIySvY%2B48WEUfN07xCGfm9GhYoJKQstMA5PDsD5t84FYVH9A2vNzUbNyiDeRu%2Bjfdy%2BvomHnllj750ZWh6HCcEIAsp7BO7MZ5Wi1qS5Rs7AjK29IyRT4c1Dle9QrtJhR%2FIH4TcjAnLVICvpyq7Yua76ywR63f%2B0zxJ1q2tBx6NI%2B63YF%2B0hv%2BfCX6KwwsDtKOZRrll5xtN1BY40CaJG%7Ctkp%3ABk9SR9b6h46VaA,https://i.ebayimg.com/images/g/pU8AAOSw4e1n2Tlp/s-l50.webp
OFFICIAL SAMSUNG GALAXY BUDS LIVE WIRELESS EARBUDS WITH CHARGING CASE,$134.77,https://www.ebay.com/itm/187483752220?_skw=earbuds&itmmeta=01M2ME1ZMJCP80CVDZ10079DF7&hash=item2ba6e7071c:g:z4UAAeSwV1tokzLZ&itmprp=enc%3AAQALAAAA4LB2JXbe%2Bh2pdWBqbR2c2DsIuTinQWYdJmylKFkwV1plApLkRhZQldyLnDT6A8h231l87Zazi2RnuKsOoIG1JuUxtbhcU6%2Fyowwln2Aae1mQz3qg2dJfZr4YNXp2RtZIa2llLhaTHaOlXDYb7x4cDIiEV9azDjc2afBAHXQOboN9--k9mKeRjRh7%2FemwuFTXyNz2rNjR4KqlzQFcGORALFzZ0b27hOwyfp33udsRLevbIzMiLfkiLLHQCFXp7uWReaN96FG%2FxlwIXFPMb41U1TrmVr6G55o6OXUQCEhsmHri%7Ctkp%3ABk9SR9b6h46VaA,https://i.ebayimg.com/images/g/z4UAAeSwV1tokzLZ/s-l50.webp
Bluetooth 5.4 Wireless Earbuds TWS HiFi Stereo LED Display Ear Hook Headphones,$8.99,https://www.ebay.com/itm/398365567992?_skw=earbuds&itmmeta=01M2ME1ZMJ977TCTHZ4W7HFHRB&hash=item5cc0702bf8:g:x~QAAeSwNXNqnU~0&itmprp=enc%3AAQALAAAAwLB2JXbe%2Bh2pdWBqbR2c2DvVHzC0bsao9y57gMFGl3K3D8L%2Fcfuuxvqcfu1tpytSB6RLFngk5EH32%2BSs6CyAPKkqaJLb9aGbub4hiD1VuYjm6PmgRIdwmsUPdHjSY6l16WBxKH6HBe1jwDqFY%2BNm7Zn8jaM1gHBG9%2Bo%2BDAfzxTwFSASW367hqWmTJR6nMStvhkRWWVS%2FeC%2BQXn80ksJkSOPyeZAOYqem2IWzrHV1qSChQVFnAA1xDrMUb%2B7ea9cYRw%3D%3D%7Ctkp%3ABk9SR9j6h46VaA,https://i.ebayimg.com/images/g/x~QAAeSwNXNqnU~0/s-l50.webp
soundcore Sport X20 True-Wireless Earbuds Extendable Sport Ear Hook Noise Cancel,$69.99,https://www.ebay.com/itm/335394982578?_skw=earbuds&itmmeta=01M2ME1ZMJZKB571JSD4HNTVXK&hash=item4e17194ab2:g:KaQAAOSwYnJmRXXv&itmprp=enc%3AAQALAAAAwLB2JXbe%2Bh2pdWBqbR2c2Dve78KOS5WAWLgBOMBnLpkmGeEw1u5frluwEYnPu51fENIl5zWGhs3%2Bx0TB1mF4RJOEdAmHfX1Z8ndd%2Fq0It01NrvA6eJw3Z2KLTa2XtCLQearav2nwlRMUh%2B0amFalfWCN6YTMeJbQmdWgM%2BD2n4IVUcKsMucQAsAGYkocA6vo0c1JeLjR%2F3OYiwAZT6B5VYzikA9YC7P0OTHcNRMMkmTuZlDz4j1p73%2BRnCBd96PElA%3D%3D%7Ctkp%3ABk9SR9j6h46VaA,https://i.ebayimg.com/images/g/KaQAAOSwYnJmRXXv/s-l50.webp
Denon PerL Pro AH-C15PL Wireless Earbuds Noise Canceling Bluetooth Black,$114.55,https://www.ebay.com/itm/178498222810?_skw=earbuds&itmmeta=01M2ME1ZMJN89KW820MQVJBH6N&hash=item298f52bada:g:OOQAAeSwXwlqqRMk&itmprp=enc%3AAQALAAAAwLB2JXbe%2Bh2pdWBqbR2c2DvR3ZKpiZY3wiJ7dxNSL5Dm7RUSlGroAnolDNSspr0RyNR95j2YQgBLD9Y7jyOeBB1q%2FrKWtiy%2BxL5Pv6UeF32wXQ9SDJWzKG0jen63gYE77Ig%2FlxEuN6WY02sv77G5myISEgpbPRl2hIEc54CSry5Qwl2ZBub9EyT%2BO%2B6R94pRtbdK4GcnH1fN1FyDo62jcWq5Km9O2YzoNzcHwllHilOHJo9hmtw7M7DKlk%2FYOmVJSQ%3D%3D%7Ctkp%3ABk9SR9j6h46VaA,https://i.ebayimg.com/images/g/OOQAAeSwXwlqqRMk/s-l50.webp
Baseus Open Ear Clip-On Earbuds Sound by Bose Dolby Audio Adaptive Sound XC1,$71.49,https://www.ebay.com/itm/306585270379?_skw=earbuds&itmmeta=01M2ME1ZMJKDXSK7P1GT3JRCYP&hash=item4761e7f86b:g:2E4AAeSwoJhpCwKe&itmprp=enc%3AAQALAAAA4LB2JXbe%2Bh2pdWBqbR2c2DuBJoAohodqPVpO%2FIvaeKfOREfP7PxjfNdILSkZKQU9oVY%2B%2FkK6l0cEw64nTfA%2F5ZY9ZASbMG8GbpzGVuykHs0my1uqM0sSr%2BaazfoyvE0wIUMmXAnV3Tnw%2Fm6bHkGB6jlZam3gkZeZzKVCm3WNx6eXoMjLBojLLAEz39uoDzFPGNsPzqvRAQrYroR%2BNbtVHqe6ci4VZKJSkSO5%2F9Yle1Hcm6gOAKT5oXYVl0COX19%2F7stHJPoQaUfn4hCiWoDpMm9lAL9Za1wXuuEkr2v5RN4q%7Ctkp%3ABk9SR9j6h46VaA,https://i.ebayimg.com/images/g/2E4AAeSwoJhpCwKe/s-l50.webp
